"Education","Mean(Income)","Mean(LoanAmount)","Mean(CreditScore)","Mean(InterestRate)","Mean(Age)"
"Bachelor's",71923.85607908589,144031.02323789988,559.3961997689046,15.813504942868114,36.532289125690085
"High School",71883.65006075297,144539.1362089919,560.3161603888209,15.93150060753341,36.66658566221152
"Master's",72018.53054429652,144792.73378691342,558.4800231615511,15.99235668789809,36.54082223508984
"PhD",71526.93978590518,144762.05694320562,558.7262860541177,15.850129348795699,36.479333928040234
